URL,Page Type,Priority,Submit/Inspect,Index Status,Last Checked,Notes
https://nearbymassage.app/,Homepage,High,Yes,,,
https://nearbymassage.app/royal-massage.html,Business,Normal,Yes,,,
https://nearbymassage.app/young-skin-spa.html,Business,Normal,Yes,,,
https://nearbymassage.app/hawaii-spa.html,Business,Normal,Yes,,,
https://nearbymassage.app/house-of-traditional-javanese-massage-greenwich-v.html,Business,Normal,Yes,,,
https://nearbymassage.app/cozy-cove-spa.html,Business,Normal,Yes,,,
https://nearbymassage.app/knead-press-spa-kovan.html,Business,Normal,Yes,,,
https://nearbymassage.app/rong-ting-wellness-and-foot-spa.html,Business,Normal,Yes,,,
https://nearbymassage.app/hai-tian-healthcare.html,Business,Normal,Yes,,,
https://nearbymassage.app/spa-now.html,Business,Normal,Yes,,,
https://nearbymassage.app/hao-spa-massage-hougang.html,Business,Normal,Yes,,,
https://nearbymassage.app/envy-spa.html,Business,Normal,Yes,,,
https://nearbymassage.app/garden-spa.html,Business,Normal,Yes,,,
https://nearbymassage.app/viet-massage-and-spa.html,Business,Normal,Yes,,,
https://nearbymassage.app/guizu-health-center.html,Business,Normal,Yes,,,
https://nearbymassage.app/xin-lin-spa.html,Business,Normal,Yes,,,
https://nearbymassage.app/mt-everests-spa-hougang.html,Business,Normal,Yes,,,
https://nearbymassage.app/sekai-tcm-hougang.html,Business,Normal,Yes,,,
https://nearbymassage.app/li-xin-massage-spa.html,Business,Normal,Yes,,,
https://nearbymassage.app/xuan-spa.html,Business,High,Yes,,,
https://nearbymassage.app/rsg-wellness.html,Business,High,Yes,,,
https://nearbymassage.app/healthy-path-spa.html,Business,High,Yes,,,
https://nearbymassage.app/lin-spa.html,Business,High,Yes,,,
https://nearbymassage.app/ax-spa-havelock.html,Business,High,Yes,,,
https://nearbymassage.app/ozio-spa.html,Business,High,Yes,,,
https://nearbymassage.app/cuppage-wellness.html,Business,High,Yes,,,
https://nearbymassage.app/nice-wellness.html,Business,High,Yes,,,
https://nearbymassage.app/favorite-wellness.html,Business,High,Yes,,,
https://nearbymassage.app/yi-spa.html,Business,High,Yes,,,
https://nearbymassage.app/tl-beauty-wellness.html,Business,High,Yes,,,
https://nearbymassage.app/qing-mu-428.html,Business,High,Yes,,,
https://nearbymassage.app/sk-spa.html,Business,High,Yes,,,
https://nearbymassage.app/moonlight-health-club.html,Business,High,Yes,,,
https://nearbymassage.app/im-beauty.html,Business,High,Yes,,,
https://nearbymassage.app/wellness-yu-kang-ning.html,Business,Normal,Yes,,,
https://nearbymassage.app/yi-he-tang-tcm.html,Business,Normal,Yes,,,
https://nearbymassage.app/oscar-foot-and-body-massage.html,Business,Normal,Yes,,,
https://nearbymassage.app/kang-zhi-yuan.html,Business,Normal,Yes,,,
https://nearbymassage.app/tian-tian-wellness-spa.html,Business,Normal,Yes,,,
https://nearbymassage.app/gem-tcm.html,Business,Normal,Yes,,,
https://nearbymassage.app/jands-spa-traditional-massage.html,Business,Normal,Yes,,,
https://nearbymassage.app/lush-massage.html,Business,Normal,Yes,,,
https://nearbymassage.app/tru-spa.html,Business,Normal,Yes,,,
https://nearbymassage.app/bentley-spa-ang-mo-kio-branch.html,Business,Normal,Yes,,,
https://nearbymassage.app/capital-spa.html,Business,Normal,Yes,,,
https://nearbymassage.app/xpress-foot-wellness-amk-hub.html,Business,Normal,Yes,,,
https://nearbymassage.app/wan-yang-health-product-and-foot-reflexology-centre.html,Business,Normal,Yes,,,
https://nearbymassage.app/108-spa.html,Business,Normal,Yes,,,
https://nearbymassage.app/ashi-foot-reflexology-amk-avenue-10.html,Business,Normal,Yes,,,
https://nearbymassage.app/ashi-foot-reflexology-jubilee-square.html,Business,Normal,Yes,,,
https://nearbymassage.app/golden-apple-massage.html,Business,Normal,Yes,,,
https://nearbymassage.app/kangjia-the-best-acutherapy-centre.html,Business,Normal,Yes,,,
https://nearbymassage.app/sim-kim-poh-services.html,Business,Normal,Yes,,,
https://nearbymassage.app/rising-sun-reflexology-therapy.html,Business,Normal,Yes,,,
https://nearbymassage.app/zuyi-ang-mo-kio.html,Business,Normal,Yes,,,
https://nearbymassage.app/ibeauty-wellness-massage-ang-mo-kio.html,Business,Normal,Yes,,,
https://nearbymassage.app/rose-spa.html,Business,Normal,Yes,,,
https://nearbymassage.app/i-spa-wellness.html,Business,Normal,Yes,,,
https://nearbymassage.app/jiang-shan-tcm-pte-ltd.html,Business,Normal,Yes,,,
https://nearbymassage.app/aramsa-the-garden-spa.html,Business,Normal,Yes,,,
https://nearbymassage.app/pure-element.html,Business,Normal,Yes,,,
https://nearbymassage.app/face-of-man-ang-mo-kio.html,Business,Normal,Yes,,,
https://nearbymassage.app/healing-touch-spa-centrepoint.html,Business,Normal,Yes,,,
https://nearbymassage.app/elements-wellness-centrepoint.html,Business,Normal,Yes,,,
https://nearbymassage.app/chrysalis-spa-centrepoint.html,Business,Normal,Yes,,,
https://nearbymassage.app/the-thai-spa-orchard-central.html,Business,Normal,Yes,,,
https://nearbymassage.app/i-spa.html,Business,Normal,Yes,,,
https://nearbymassage.app/la-source-spa.html,Business,Normal,Yes,,,
https://nearbymassage.app/nuffield-wellness.html,Business,Normal,Yes,,,
https://nearbymassage.app/lanxiang-foot-massage.html,Business,Normal,Yes,,,
https://nearbymassage.app/serene-spa-thomson-massage.html,Business,Normal,Yes,,,
https://nearbymassage.app/nature-healing.html,Business,High,Yes,,,
https://nearbymassage.app/oasis-spa.html,Business,Normal,Yes,,,
https://nearbymassage.app/zuyue-javanese-spa-upper-thomson.html,Business,Normal,Yes,,,
https://nearbymassage.app/freeways-wellness-foot-and-body-massage.html,Business,Normal,Yes,,,
https://nearbymassage.app/bao-zhi-tang-tcm-massage-upper-thomson.html,Business,Normal,Yes,,,
https://nearbymassage.app/house-of-traditional-javanese-massage-thomson-plaza.html,Business,Normal,Yes,,,
https://nearbymassage.app/go-wellness-spa-upper-thomson-branch.html,Business,Normal,Yes,,,
https://nearbymassage.app/h2hand-wellness.html,Business,Normal,Yes,,,
https://nearbymassage.app/en-na-spa.html,Business,Normal,Yes,,,
https://nearbymassage.app/yasumi-spa.html,Business,Normal,Yes,,,
https://nearbymassage.app/nic-s-day-wellness-and-beauty-ang-mo-kio.html,Business,Normal,Yes,,,
https://nearbymassage.app/spell-spa.html,Business,Normal,Yes,,,
https://nearbymassage.app/eternal-beauty-spa.html,Business,Normal,Yes,,,
https://nearbymassage.app/shu-xun-ge.html,Business,Normal,Yes,,,
https://nearbymassage.app/languiren-beauty-spa.html,Business,High,Yes,,,
https://nearbymassage.app/dew-beauty-wellness.html,Business,High,Yes,,,
https://nearbymassage.app/yi-shun-yang-sheng-ge.html,Business,High,Yes,,,
https://nearbymassage.app/jas-spa.html,Business,High,Yes,,,
https://nearbymassage.app/yangshengtang-tcm-wellness-center.html,Business,Normal,Yes,,,
https://nearbymassage.app/massage-ang-mo-kio.html,Area,High,Yes,,,
https://nearbymassage.app/massage-ang-mo-kio-yio-chu-kang.html,Area,High,Yes,,,
https://nearbymassage.app/massage-bedok.html,Area,High,Yes,,,
https://nearbymassage.app/massage-bishan-ang-mo-kio-park.html,Area,High,Yes,,,
https://nearbymassage.app/massage-bukit-merah.html,Area,High,Yes,,,
https://nearbymassage.app/massage-bukit-timah.html,Area,High,Yes,,,
https://nearbymassage.app/massage-chinatown.html,Area,High,Yes,,,
https://nearbymassage.app/massage-clarke-quay.html,Area,High,Yes,,,
https://nearbymassage.app/massage-farrer-park.html,Area,High,Yes,,,
https://nearbymassage.app/massage-hougang.html,Area,High,Yes,,,
https://nearbymassage.app/massage-jalan-besar.html,Area,High,Yes,,,
https://nearbymassage.app/massage-kallang.html,Area,High,Yes,,,
https://nearbymassage.app/massage-katong.html,Area,High,Yes,,,
https://nearbymassage.app/massage-lavender.html,Area,High,Yes,,,
https://nearbymassage.app/massage-novena.html,Area,High,Yes,,,
https://nearbymassage.app/massage-orchard.html,Area,High,Yes,,,
https://nearbymassage.app/massage-tampines.html,Area,High,Yes,,,
https://nearbymassage.app/massage-telok-blangah.html,Area,High,Yes,,,
https://nearbymassage.app/massage-upper-thomson.html,Area,High,Yes,,,
https://nearbymassage.app/massage-yio-chu-kang.html,Area,High,Yes,,,
https://nearbymassage.app/massage-singapore.html,Discovery,Normal,Yes,,,
https://nearbymassage.app/massage-somerset.html,Discovery,Normal,Yes,,,
https://nearbymassage.app/massage-dhoby-ghaut-orchard.html,Discovery,Normal,Yes,,,
https://nearbymassage.app/massage-siglap.html,Discovery,Normal,Yes,,,
https://nearbymassage.app/massage-serangoon.html,Discovery,Normal,Yes,,,
https://nearbymassage.app/massage-tiong-bahru.html,Discovery,Normal,Yes,,,
https://nearbymassage.app/massage-bukit-batok.html,Discovery,Normal,Yes,,,
